UTCDateTime,mac_address,firmware_ver,hardware,current_temp_f,current_humidity,current_dewpoint_f,pressure,adc,mem,rssi,uptime,pm1_0_cf_1,pm2_5_cf_1,pm10_0_cf_1,pm1_0_atm,pm2_5_atm,pm10_0_atm,pm2.5_aqi_cf_1,pm2.5_aqi_atm,p_0_3_um,p_0_5_um,p_1_0_um,p_2_5_um,p_5_0_um,p_10_0_um,pm1_0_cf_1_b,pm2_5_cf_1_b,pm10_0_cf_1_b,pm1_0_atm_b,pm2_5_atm_b,pm10_0_atm_b,pm2.5_aqi_cf_1_b,pm2.5_aqi_atm_b,p_0_3_um_b,p_0_5_um_b,p_1_0_um_b,p_2_5_um_b,p_5_0_um_b,p_10_0_um_b,gas
2025/03/31T17:51:40z,c8:c9:a3:f:85:30,7.04,3.0+OPENLOG+31164 MB+RV3028+BME68X+PMSX003-A+PMSX003-B,54,75,46,969.44,,26352,0,100,2.57,3.3,3.59,2.57,3.3,3.59,14,14,602.74,170.74,17.78,0.93,0.65,0.0,3.07,3.59,3.95,3.07,3.59,3.95,15,15,678.27,186.09,16.07,1.34,0.55,0.0,
2025/03/31T17:53:40z,c8:c9:a3:f:85:30,7.04,3.0+OPENLOG+31164 MB+RV3028+BME68X+PMSX003-A+PMSX003-B,54,75,46,969.54,0.01,26264,0,220,2.31,2.88,3.17,2.31,2.88,3.17,12,12,583.45,156.17,10.6,1.28,0.55,0.0,2.23,3.0,3.64,2.23,3.0,3.64,13,13,638.46,162.34,16.43,1.09,0.59,0.09,107.98
2025/03/31T17:55:40z,c8:c9:a3:f:85:30,7.04,3.0+OPENLOG+31164 MB+RV3028+BME68X+PMSX003-A+PMSX003-B,54,75,46,969.46,0.01,26264,0,340,1.63,2.05,2.4,1.63,2.05,2.4,9,9,451.89,122.04,7.47,1.49,0.53,0.39,2.53,3.32,4.15,2.53,3.32,4.15,14,14,680.29,177.49,17.02,1.75,1.31,0.34,106.98
2025/03/31T17:57:40z,c8:c9:a3:f:85:30,7.04,3.0+OPENLOG+31164 MB+RV3028+BME68X+PMSX003-A+PMSX003-B,54,74,46,969.53,0.01,26264,0,460,2.25,2.98,3.3,2.25,2.98,3.3,12,12,560.25,154.36,13.71,1.04,0.57,0.04,2.82,3.33,3.48,2.82,3.33,3.48,14,14,695.25,186.22,12.27,0.87,0.43,0.0,108.55
2025/03/31T17:59:40z,c8:c9:a3:f:85:30,7.04,3.0+OPENLOG+31164 MB+RV3028+BME68X+PMSX003-A+PMSX003-B,54,75,46,969.62,0.01,26264,0,580,2.19,3.48,4.38,2.19,3.48,4.38,15,15,592.97,162.48,15.79,4.83,1.22,0.6,2.4,3.21,3.83,2.4,3.21,3.83,13,13,651.1,170.41,16.62,1.83,0.98,0.21,108.63
2025/03/31T18:01:40z,c8:c9:a3:f:85:30,7.04,3.0+OPENLOG+31164 MB+RV3028+BME68X+PMSX003-A+PMSX003-B,54,74,45,969.62,0.01,26264,0,700,2.22,2.75,2.98,2.22,2.75,2.98,11,11,537.97,153.08,8.15,0.98,0.36,0.15,1.93,2.59,2.59,1.93,2.59,2.59,11,11,614.84,151.98,10.07,0.3,0.0,0.0,106.99
2025/03/31T18:03:40z,c8:c9:a3:f:85:30,7.04,3.0+OPENLOG+31164 MB+RV3028+BME68X+PMSX003-A+PMSX003-B,55,73,46,969.57,0.01,26264,0,820,2.53,3.16,3.51,2.53,3.16,3.51,13,13,597.79,170.28,12.02,1.11,0.67,0.0,2.84,3.59,3.76,2.84,3.59,3.76,15,15,691.24,189.5,14.67,0.9,0.48,0.0,111.71
2025/03/31T18:05:40z,c8:c9:a3:f:85:30,7.04,3.0+OPENLOG+31164 MB+RV3028+BME68X+PMSX003-A+PMSX003-B,55,72,46,969.59,0.01,26264,0,940,2.98,3.41,4.14,2.98,3.41,4.14,14,14,654.64,183.68,16.04,2.25,1.2,0.05,3.25,3.76,3.97,3.25,3.76,3.97,16,16,765.2,203.56,11.97,1.17,0.37,0.0,116.78
2025/03/31T18:07:40z,c8:c9:a3:f:85:30,7.04,3.0+OPENLOG+31164 MB+RV3028+BME68X+PMSX003-A+PMSX003-B,55,72,46,969.63,0.01,26264,0,1060,3.4,3.83,4.22,3.4,3.83,4.22,16,16,756.72,209.38,12.47,0.91,0.57,0.57,4.08,4.76,5.02,4.08,4.76,5.02,20,20,849.61,238.85,18.47,1.36,0.46,0.22,119.89
2025/03/31T18:09:40z,c8:c9:a3:f:85:30,7.04,3.0+OPENLOG+31164 MB+RV3028+BME68X+PMSX003-A+PMSX003-B,55,73,46,969.71,0.01,26264,0,1180,2.68,3.43,4.02,2.68,3.43,4.02,14,14,628.1,181.13,14.43,1.67,0.88,0.72,3.26,4.28,4.84,3.26,4.28,4.84,18,18,730.74,205.98,17.95,2.05,0.79,0.37,112.97
2025/03/31T18:11:21z,c8:c9:a3:f:85:30,7.04,3.0+OPENLOG+31164 MB+RV3028+BME68X+PMSX003-A+PMSX003-B,54,74,46,969.63,,26352,0,100,2.28,3.07,3.28,2.28,3.07,3.28,13,13,597.0,166.83,10.87,1.35,0.35,0.35,2.39,3.32,3.7,2.39,3.32,3.7,14,14,574.98,163.2,17.45,1.86,0.3,0.02,
2025/03/31T18:13:21z,c8:c9:a3:f:85:30,7.04,3.0+OPENLOG+31164 MB+RV3028+BME68X+PMSX003-A+PMSX003-B,55,73,46,969.75,0.01,26264,0,220,2.85,3.85,4.49,2.85,3.85,4.49,16,16,648.41,184.81,14.36,2.53,0.9,0.25,3.23,4.05,4.23,3.23,4.05,4.23,17,17,730.47,206.54,14.84,1.05,0.39,0.0,109.74
2025/03/31T18:15:21z,c8:c9:a3:f:85:30,7.04,3.0+OPENLOG+31164 MB+RV3028+BME68X+PMSX003-A+PMSX003-B,55,72,46,969.7,0.01,26264,0,340,3.36,4.14,4.59,3.36,4.14,4.59,17,17,722.28,205.38,14.67,2.12,0.6,0.38,2.98,3.83,4.56,2.98,3.83,4.56,16,16,694.98,193.14,18.88,2.12,1.03,0.46,114.21
2025/03/31T18:17:21z,c8:c9:a3:f:85:30,7.04,3.0+OPENLOG+31164 MB+RV3028+BME68X+PMSX003-A+PMSX003-B,55,72,46,969.76,0.01,26264,0,460,3.3,4.12,5.52,3.3,4.12,5.52,17,17,742.61,206.32,16.09,3.38,1.98,1.09,4.24,5.15,5.54,4.24,5.15,5.54,21,21,859.02,241.0,20.97,2.66,0.47,0.22,120.63
2025/03/31T18:19:21z,c8:c9:a3:f:85:30,7.04,3.0+OPENLOG+31164 MB+RV3028+BME68X+PMSX003-A+PMSX003-B,55,73,46,969.73,0.01,26264,0,580,2.48,3.16,3.38,2.48,3.16,3.38,13,13,648.72,181.1,11.84,0.83,0.24,0.24,2.78,3.74,4.14,2.78,3.74,4.14,16,16,670.03,183.12,16.19,1.83,0.95,0.0,114.10
2025/03/31T18:21:21z,c8:c9:a3:f:85:30,7.04,3.0+OPENLOG+31164 MB+RV3028+BME68X+PMSX003-A+PMSX003-B,55,73,46,969.66,0.01,26264,0,700,3.05,3.83,4.47,3.05,3.83,4.47,16,16,649.63,190.44,15.41,2.93,0.73,0.08,3.56,4.54,5.16,3.56,4.54,5.16,19,19,772.26,221.37,23.12,1.72,1.12,0.35,116.68
2025/03/31T18:23:21z,c8:c9:a3:f:85:30,7.04,3.0+OPENLOG+31164 MB+RV3028+BME68X+PMSX003-A+PMSX003-B,54,72,45,969.74,0.01,26264,0,820,2.22,3.16,3.66,2.22,3.16,3.66,13,13,545.79,155.9,14.93,2.78,0.5,0.5,3.12,4.21,4.64,3.12,4.21,4.64,18,18,699.1,198.91,23.22,1.81,0.64,0.14,116.89
2025/03/31T18:25:21z,c8:c9:a3:f:85:30,7.04,3.0+OPENLOG+31164 MB+RV3028+BME68X+PMSX003-A+PMSX003-B,55,72,46,969.68,0.01,26264,0,940,2.34,2.98,3.75,2.34,2.98,3.75,12,12,589.61,163.93,13.89,2.27,0.98,0.21,3.03,3.68,4.07,3.03,3.68,4.07,15,15,691.98,194.64,16.47,1.08,0.76,0.17,115.12
2025/03/31T18:27:21z,c8:c9:a3:f:85:30,7.04,3.0+OPENLOG+31164 MB+RV3028+BME68X+PMSX003-A+PMSX003-B,55,72,46,969.66,0.01,26264,0,1060,2.79,3.0,3.33,2.79,3.0,3.33,13,13,617.28,175.55,9.98,1.03,0.24,0.0,2.69,3.34,3.57,2.69,3.34,3.57,14,14,623.28,177.48,11.6,1.24,0.29,0.0,115.61
2025/03/31T18:29:21z,c8:c9:a3:f:85:30,7.04,3.0+OPENLOG+31164 MB+RV3028+BME68X+PMSX003-A+PMSX003-B,55,72,46,969.63,0.01,26264,0,1180,2.97,3.63,3.97,2.97,3.63,3.97,15,15,675.15,190.27,11.83,1.73,0.61,0.0,3.11,3.54,3.91,3.11,3.54,3.91,15,15,699.05,199.14,10.82,0.79,0.59,0.0,116.87
2025/03/31T18:31:01z,c8:c9:a3:f:85:30,7.04,3.0+OPENLOG+31164 MB+RV3028+BME68X+PMSX003-A+PMSX003-B,56,72,47,969.61,,26352,0,100,1.73,2.18,2.4,1.73,2.18,2.4,9,9,471.47,130.4,6.91,0.71,0.4,0.31,3.36,4.95,5.34,3.36,4.95,5.34,21,21,781.84,225.27,25.77,2.18,0.82,0.3,
2025/03/31T18:33:01z,c8:c9:a3:f:85:30,7.04,3.0+OPENLOG+31164 MB+RV3028+BME68X+PMSX003-A+PMSX003-B,56,72,47,969.59,0.01,26264,0,220,2.39,3.14,3.32,2.39,3.14,3.32,13,13,596.54,177.66,13.71,0.68,0.17,0.0,3.14,4.12,4.49,3.14,4.12,4.49,17,17,743.74,206.88,16.58,1.95,0.56,0.0,116.42
2025/03/31T18:35:01z,c8:c9:a3:f:85:30,7.04,3.0+OPENLOG+31164 MB+RV3028+BME68X+PMSX003-A+PMSX003-B,56,75,48,969.58,0.01,26264,0,340,2.3,2.89,3.53,2.3,2.89,3.53,12,12,570.95,159.68,13.51,2.07,0.65,0.39,3.63,4.22,4.61,3.63,4.22,4.61,18,18,730.58,211.31,17.31,0.78,0.53,0.36,119.46
2025/03/31T18:37:01z,c8:c9:a3:f:85:30,7.04,3.0+OPENLOG+31164 MB+RV3028+BME68X+PMSX003-A+PMSX003-B,56,76,48,969.48,0.01,26264,0,460,2.84,3.36,3.8,2.84,3.36,3.8,14,14,665.46,186.0,14.38,1.45,0.43,0.0,3.76,4.54,5.31,3.76,4.54,5.31,19,19,765.2,220.17,21.17,2.27,1.19,0.08,122.56
2025/03/31T18:39:01z,c8:c9:a3:f:85:30,7.04,3.0+OPENLOG+31164 MB+RV3028+BME68X+PMSX003-A+PMSX003-B,56,75,48,969.39,0.01,26264,0,580,2.55,2.93,2.93,2.55,2.93,2.93,12,12,603.5,165.43,9.63,0.43,0.0,0.0,2.84,3.7,3.77,2.84,3.7,3.77,15,15,655.63,190.77,12.77,1.25,0.23,0.0,121.45
2025/03/31T18:41:01z,c8:c9:a3:f:85:30,7.04,3.0+OPENLOG+31164 MB+RV3028+BME68X+PMSX003-A+PMSX003-B,58,72,49,969.26,0.01,26264,0,700,3.15,4.1,4.59,3.15,4.1,4.59,17,17,682.27,195.29,15.2,2.9,0.8,0.42,3.21,3.72,4.18,3.21,3.72,4.18,15,15,716.11,200.25,12.74,1.21,0.61,0.23,121.16
2025/03/31T18:43:01z,c8:c9:a3:f:85:30,7.04,3.0+OPENLOG+31164 MB+RV3028+BME68X+PMSX003-A+PMSX003-B,57,70,47,969.27,0.01,26264,0,820,3.28,3.58,3.95,3.28,3.58,3.95,15,15,666.11,191.47,11.07,1.12,0.46,0.0,3.31,4.48,5.09,3.31,4.48,5.09,19,19,775.86,218.57,20.31,2.24,1.0,0.17,123.84
2025/03/31T18:45:01z,c8:c9:a3:f:85:30,7.04,3.0+OPENLOG+31164 MB+RV3028+BME68X+PMSX003-A+PMSX003-B,58,69,48,969.27,0.01,26264,0,940,2.77,3.18,3.19,2.77,3.18,3.19,13,13,625.89,176.21,9.84,1.21,0.02,0.0,3.51,4.56,4.61,3.51,4.56,4.61,19,19,792.1,220.63,15.69,0.88,0.08,0.0,124.18
2025/03/31T18:47:01z,c8:c9:a3:f:85:30,7.04,3.0+OPENLOG+31164 MB+RV3028+BME68X+PMSX003-A+PMSX003-B,57,68,46,969.3,0.01,26264,0,1060,2.86,3.37,3.8,2.86,3.37,3.8,14,14,666.41,186.58,10.81,0.92,0.73,0.32,2.83,3.58,3.73,2.83,3.58,3.73,15,15,704.29,196.85,12.41,0.85,0.39,0.0,122.73
2025/03/31T18:49:01z,c8:c9:a3:f:85:30,7.04,3.0+OPENLOG+31164 MB+RV3028+BME68X+PMSX003-A+PMSX003-B,57,68,46,969.34,0.01,26264,0,1180,2.68,3.12,4.2,2.68,3.12,4.2,13,13,612.2,175.39,16.83,1.58,1.42,0.56,2.6,3.51,3.74,2.6,3.51,3.74,15,15,648.0,176.04,15.68,1.56,0.23,0.23,121.01
2025/03/31T18:50:42z,c8:c9:a3:f:85:30,7.04,3.0+OPENLOG+31164 MB+RV3028+BME68X+PMSX003-A+PMSX003-B,58,68,47,969.32,,26352,0,100,3.53,3.96,4.29,3.53,3.96,4.29,16,16,721.33,207.24,13.42,0.69,0.69,0.0,3.89,4.64,4.77,3.89,4.64,4.77,19,19,873.14,239.77,19.95,0.32,0.25,0.0,
2025/03/31T18:52:42z,c8:c9:a3:f:85:30,7.04,3.0+OPENLOG+31164 MB+RV3028+BME68X+PMSX003-A+PMSX003-B,57,68,46,969.31,0.01,26264,0,220,2.62,3.22,3.22,2.62,3.22,3.22,13,13,642.8,176.37,10.53,0.47,0.25,0.0,3.48,3.8,4.11,3.48,3.8,4.11,16,16,743.14,203.57,12.77,0.82,0.45,0.2,120.70
2025/03/31T18:54:42z,c8:c9:a3:f:85:30,7.04,3.0+OPENLOG+31164 MB+RV3028+BME68X+PMSX003-A+PMSX003-B,57,68,46,969.34,0.01,26264,0,340,1.61,2.46,2.96,1.61,2.46,2.96,10,10,494.74,130.98,13.42,1.6,0.89,0.25,2.31,2.86,3.2,2.31,2.86,3.2,12,12,595.53,159.51,12.29,1.15,0.64,0.0,118.98
2025/03/31T18:56:42z,c8:c9:a3:f:85:30,7.04,3.0+OPENLOG+31164 MB+RV3028+BME68X+PMSX003-A+PMSX003-B,58,68,47,969.4,0.01,26264,0,460,2.11,2.75,3.12,2.11,2.75,3.12,11,11,536.68,147.57,12.46,0.89,0.5,0.29,2.78,3.36,3.8,2.78,3.36,3.8,14,14,694.32,189.25,14.75,1.61,0.71,0.0,118.77
2025/03/31T18:58:42z,c8:c9:a3:f:85:30,7.04,3.0+OPENLOG+31164 MB+RV3028+BME68X+PMSX003-A+PMSX003-B,58,68,47,969.38,0.01,25952,0,580,2.16,2.79,2.98,2.16,2.79,2.98,12,12,561.0,153.24,11.64,0.33,0.16,0.16,2.93,3.44,3.84,2.93,3.44,3.84,14,14,671.32,185.47,13.18,1.05,0.39,0.0,119.74
2025/03/31T19:00:42z,c8:c9:a3:f:85:30,7.04,3.0+OPENLOG+31164 MB+RV3028+BME68X+PMSX003-A+PMSX003-B,58,68,47,969.49,0.01,26264,0,700,2.12,2.8,3.17,2.12,2.8,3.17,12,12,540.61,150.34,13.8,1.08,0.68,0.42,2.49,3.12,4.09,2.49,3.12,4.09,13,13,635.11,174.98,15.19,2.39,1.53,0.18,118.28
2025/03/31T19:02:42z,c8:c9:a3:f:85:30,7.04,3.0+OPENLOG+31164 MB+RV3028+BME68X+PMSX003-A+PMSX003-B,58,68,47,969.42,0.01,26264,0,820,2.28,2.59,3.05,2.28,2.59,3.05,11,11,576.31,160.97,8.16,1.17,0.64,0.0,2.41,2.83,3.24,2.41,2.83,3.24,12,12,611.48,168.57,10.84,1.29,0.47,0.0,116.96
2025/03/31T19:04:42z,c8:c9:a3:f:85:30,7.04,3.0+OPENLOG+31164 MB+RV3028+BME68X+PMSX003-A+PMSX003-B,57,68,46,969.5,0.01,26264,0,940,2.09,3.02,3.36,2.09,3.02,3.36,13,13,541.61,152.75,14.8,2.16,0.46,0.25,2.59,2.97,3.42,2.59,2.97,3.42,12,12,624.71,171.05,10.08,0.85,0.59,0.42,118.83
2025/03/31T19:06:42z,c8:c9:a3:f:85:30,7.04,3.0+OPENLOG+31164 MB+RV3028+BME68X+PMSX003-A+PMSX003-B,57,68,46,969.41,0.01,26080,0,1060,1.91,2.71,3.16,1.91,2.71,3.16,11,11,516.52,141.34,12.93,1.74,0.6,0.0,2.51,2.95,3.31,2.51,2.95,3.31,12,12,581.49,164.03,12.51,1.34,0.59,0.0,115.69
2025/03/31T19:08:42z,c8:c9:a3:f:85:30,7.04,3.0+OPENLOG+31164 MB+RV3028+BME68X+PMSX003-A+PMSX003-B,58,67,47,969.34,0.01,26264,0,1180,2.22,2.78,3.69,2.22,2.78,3.69,12,12,560.9,156.34,13.48,2.0,1.09,0.4,2.47,3.05,3.81,2.47,3.05,3.81,13,13,587.26,167.84,15.33,1.6,1.18,0.25,115.34
2025/03/31T19:10:22z,c8:c9:a3:f:85:30,7.04,3.0+OPENLOG+31164 MB+RV3028+BME68X+PMSX003-A+PMSX003-B,57,68,46,969.3,,26352,0,100,2.07,2.91,3.36,2.07,2.91,3.36,12,12,576.13,154.4,12.11,1.78,0.76,0.0,2.39,3.11,3.48,2.39,3.11,3.48,13,13,570.61,164.61,13.34,1.32,0.43,0.0,
2025/03/31T19:12:22z,c8:c9:a3:f:85:30,7.04,3.0+OPENLOG+31164 MB+RV3028+BME68X+PMSX003-A+PMSX003-B,59,66,48,969.3,0.01,26264,0,220,2.54,3.14,3.75,2.54,3.14,3.75,13,13,609.25,171.63,9.44,2.14,1.12,0.41,2.79,3.18,3.37,2.79,3.18,3.37,13,13,623.32,175.26,15.79,0.51,0.37,0.0,116.76
2025/03/31T19:14:22z,c8:c9:a3:f:85:30,7.04,3.0+OPENLOG+31164 MB+RV3028+BME68X+PMSX003-A+PMSX003-B,59,65,47,969.22,0.01,26264,0,340,2.68,3.27,3.68,2.68,3.27,3.68,14,14,684.96,182.79,12.05,0.7,0.45,0.2,3.36,4.07,4.86,3.36,4.07,4.86,17,17,735.66,212.9,17.41,2.27,1.24,0.0,119.98
2025/03/31T19:16:22z,c8:c9:a3:f:85:30,7.04,3.0+OPENLOG+31164 MB+RV3028+BME68X+PMSX003-A+PMSX003-B,58,66,46,969.16,0.01,26264,0,460,3.21,3.93,4.07,3.21,3.93,4.07,16,16,703.18,202.79,13.16,0.8,0.36,0.18,3.08,3.73,4.02,3.08,3.73,4.02,16,16,677.34,197.71,14.02,1.56,0.42,0.17,123.28
2025/03/31T19:18:22z,c8:c9:a3:f:85:30,7.04,3.0+OPENLOG+31164 MB+RV3028+BME68X+PMSX003-A+PMSX003-B,58,65,46,969.14,0.01,26264,0,580,2.93,3.53,3.87,2.93,3.53,3.87,15,15,708.0,194.33,9.33,1.05,0.5,0.28,3.33,4.12,4.67,3.33,4.12,4.67,17,17,739.03,213.98,20.1,1.67,0.69,0.0,122.53
2025/03/31T19:20:22z,c8:c9:a3:f:85:30,7.04,3.0+OPENLOG+31164 MB+RV3028+BME68X+PMSX003-A+PMSX003-B,58,66,46,969.03,0.01,26264,0,700,2.9,3.17,3.85,2.9,3.17,3.85,13,13,668.3,187.13,11.22,1.03,0.83,0.38,3.63,4.12,4.46,3.63,4.12,4.46,17,17,730.89,217.82,13.09,1.0,0.61,0.0,122.80
2025/03/31T19:22:22z,c8:c9:a3:f:85:30,7.04,3.0+OPENLOG+31164 MB+RV3028+BME68X+PMSX003-A+PMSX003-B,58,65,46,969.01,0.01,26264,0,820,2.93,3.5,3.59,2.93,3.5,3.59,15,15,667.34,187.24,12.69,0.6,0.43,0.22,3.4,4.22,4.84,3.4,4.22,4.84,18,18,711.62,209.19,22.64,2.47,0.86,0.36,121.40
2025/03/31T19:24:22z,c8:c9:a3:f:85:30,7.04,3.0+OPENLOG+31164 MB+RV3028+BME68X+PMSX003-A+PMSX003-B,58,66,46,969.01,0.01,26264,0,940,3.41,3.79,4.04,3.41,3.79,4.04,16,16,746.68,205.04,10.98,1.12,0.23,0.0,3.36,4.03,4.17,3.36,4.03,4.17,17,17,732.81,212.76,11.12,0.22,0.22,0.0,121.78
2025/03/31T19:26:22z,c8:c9:a3:f:85:30,7.04,3.0+OPENLOG+31164 MB+RV3028+BME68X+PMSX003-A+PMSX003-B,58,66,46,968.83,0.01,26264,0,1060,2.28,2.62,2.74,2.28,2.62,2.74,11,11,535.24,151.69,9.67,0.81,0.12,0.03,2.31,3.0,3.0,2.31,3.0,3.0,13,13,607.55,171.43,13.55,0.64,0.0,0.0,116.56
2025/03/31T19:28:22z,c8:c9:a3:f:85:30,7.04,3.0+OPENLOG+31164 MB+RV3028+BME68X+PMSX003-A+PMSX003-B,58,66,46,968.66,0.01,26264,0,1180,3.66,4.32,4.69,3.66,4.32,4.69,18,18,789.25,223.53,15.2,0.92,0.64,0.25,4.0,4.81,5.16,4.0,4.81,5.16,20,20,826.76,239.31,19.14,1.21,0.76,0.0,118.20
2025/03/31T19:30:02z,c8:c9:a3:f:85:30,7.04,3.0+OPENLOG+31164 MB+RV3028+BME68X+PMSX003-A+PMSX003-B,58,66,47,968.64,,26352,0,100,2.98,3.41,4.04,2.98,3.41,4.04,14,14,670.04,188.91,11.76,1.52,0.76,0.52,3.25,3.77,3.89,3.25,3.77,3.89,16,16,705.2,198.64,11.82,1.16,0.3,0.0,
2025/03/31T19:32:02z,c8:c9:a3:f:85:30,7.04,3.0+OPENLOG+31164 MB+RV3028+BME68X+PMSX003-A+PMSX003-B,59,65,47,968.63,0.01,26264,0,220,3.58,4.2,4.54,3.58,4.2,4.54,18,18,796.58,223.32,13.36,1.31,0.34,0.34,3.56,4.37,4.74,3.56,4.37,4.74,18,18,777.05,218.19,16.23,2.09,0.6,0.0,121.32
2025/03/31T19:34:02z,c8:c9:a3:f:85:30,7.04,3.0+OPENLOG+31164 MB+RV3028+BME68X+PMSX003-A+PMSX003-B,59,64,46,968.7,0.01,26264,0,340,3.86,4.65,5.32,3.86,4.65,5.32,19,19,812.84,233.26,19.42,1.98,1.14,0.65,3.88,4.4,5.18,3.88,4.4,5.18,18,18,823.45,232.45,17.18,1.22,0.93,0.22,123.49
2025/03/31T19:36:02z,c8:c9:a3:f:85:30,7.04,3.0+OPENLOG+31164 MB+RV3028+BME68X+PMSX003-A+PMSX003-B,59,65,47,968.54,0.01,26264,0,460,3.19,4.37,4.63,3.19,4.37,4.63,18,18,745.47,213.37,15.95,2.0,0.3,0.0,4.17,5.2,5.59,4.17,5.2,5.59,22,22,870.2,240.68,21.49,2.2,0.83,0.0,124.09
2025/03/31T19:38:02z,c8:c9:a3:f:85:30,7.04,3.0+OPENLOG+31164 MB+RV3028+BME68X+PMSX003-A+PMSX003-B,59,65,47,968.44,0.01,26264,0,580,2.91,3.59,3.81,2.91,3.59,3.81,15,15,638.48,180.28,12.9,1.45,0.43,0.0,3.53,4.24,6.33,3.53,4.24,6.33,18,18,775.19,217.09,23.59,4.34,3.57,0.24,120.20
2025/03/31T19:40:02z,c8:c9:a3:f:85:30,7.04,3.0+OPENLOG+31164 MB+RV3028+BME68X+PMSX003-A+PMSX003-B,60,63,47,968.38,0.01,26264,0,700,3.92,4.65,4.93,3.92,4.65,4.93,19,19,806.9,228.57,19.57,1.33,0.5,0.08,4.32,4.95,5.33,4.32,4.95,5.33,21,21,899.0,251.42,20.28,1.14,0.49,0.0,124.39
2025/03/31T19:42:02z,c8:c9:a3:f:85:30,7.04,3.0+OPENLOG+31164 MB+RV3028+BME68X+PMSX003-A+PMSX003-B,58,65,46,968.34,0.01,26264,0,820,2.72,3.28,4.24,2.72,3.28,4.24,14,14,598.97,173.07,14.95,2.53,1.5,0.6,3.59,4.1,4.64,3.59,4.1,4.64,17,17,785.17,217.12,15.26,1.5,1.31,0.0,121.53
2025/03/31T19:44:02z,c8:c9:a3:f:85:30,7.04,3.0+OPENLOG+31164 MB+RV3028+BME68X+PMSX003-A+PMSX003-B,58,65,46,968.42,0.01,26264,0,940,2.77,3.16,3.89,2.77,3.16,3.89,13,13,617.89,177.65,10.81,1.6,1.19,0.47,2.68,3.27,3.47,2.68,3.27,3.47,14,14,621.86,175.14,15.46,0.73,0.47,0.0,116.52
2025/03/31T19:46:02z,c8:c9:a3:f:85:30,7.04,3.0+OPENLOG+31164 MB+RV3028+BME68X+PMSX003-A+PMSX003-B,59,65,47,968.46,0.01,26264,0,1060,2.72,3.3,3.32,2.72,3.3,3.32,14,14,651.89,182.98,8.25,0.21,0.02,0.0,2.9,3.41,4.78,2.9,3.41,4.78,14,14,648.93,184.53,16.57,2.78,1.9,0.22,114.86
2025/03/31T19:48:02z,c8:c9:a3:f:85:30,7.04,3.0+OPENLOG+31164 MB+RV3028+BME68X+PMSX003-A+PMSX003-B,59,65,47,968.48,0.01,26264,0,1180,2.49,2.98,3.27,2.49,2.98,3.27,12,12,594.1,163.66,9.64,1.31,0.36,0.17,3.51,3.93,4.51,3.51,3.93,4.51,16,16,727.32,207.46,17.02,1.42,0.79,0.21,116.60
2025/03/31T19:49:43z,c8:c9:a3:f:85:30,7.04,3.0+OPENLOG+31164 MB+RV3028+BME68X+PMSX003-A+PMSX003-B,59,65,47,968.46,,26352,0,100,2.39,3.2,3.87,2.39,3.2,3.87,13,13,581.61,162.0,14.2,1.85,0.8,0.59,2.41,2.86,3.77,2.41,2.86,3.77,12,12,586.77,167.39,13.52,2.18,1.14,0.0,
2025/03/31T19:51:43z,c8:c9:a3:f:85:30,7.04,3.0+OPENLOG+31164 MB+RV3028+BME68X+PMSX003-A+PMSX003-B,58,66,46,968.45,0.01,26264,0,220,2.57,2.98,3.34,2.57,2.98,3.34,12,12,603.72,171.17,10.48,0.95,0.64,0.17,2.28,3.0,4.18,2.28,3.0,4.18,13,13,582.05,163.33,16.91,2.32,2.11,0.0,111.90
2025/03/31T19:53:43z,c8:c9:a3:f:85:30,7.04,3.0+OPENLOG+31164 MB+RV3028+BME68X+PMSX003-A+PMSX003-B,59,65,47,968.35,0.01,26264,0,340,2.47,3.05,4.05,2.47,3.05,4.05,13,13,626.42,174.42,13.6,1.96,1.42,0.44,2.27,2.78,3.64,2.27,2.78,3.64,12,12,576.36,155.61,11.31,1.86,1.42,0.22,105.64
2025/03/31T19:55:43z,c8:c9:a3:f:85:30,7.04,3.0+OPENLOG+31164 MB+RV3028+BME68X+PMSX003-A+PMSX003-B,60,65,48,968.47,0.01,26264,0,460,2.91,3.36,3.46,2.91,3.36,3.46,14,14,660.96,184.93,11.11,1.18,0.23,0.04,3.55,4.23,4.62,3.55,4.23,4.62,18,18,792.9,214.58,21.23,1.45,0.45,0.37,113.75
2025/03/31T19:57:43z,c8:c9:a3:f:85:30,7.04,3.0+OPENLOG+31164 MB+RV3028+BME68X+PMSX003-A+PMSX003-B,59,64,47,968.14,0.01,26264,0,580,2.76,3.22,3.44,2.76,3.22,3.44,13,13,616.78,173.9,12.25,1.22,0.42,0.19,3.56,4.67,5.53,3.56,4.67,5.53,19,19,787.58,220.95,22.39,2.95,1.0,0.68,119.18
2025/03/31T19:59:43z,c8:c9:a3:f:85:30,7.04,3.0+OPENLOG+31164 MB+RV3028+BME68X+PMSX003-A+PMSX003-B,60,63,47,968.11,0.01,26264,0,700,2.75,2.97,3.39,2.75,2.97,3.39,12,12,616.37,173.66,11.92,0.68,0.51,0.51,3.38,4.21,4.81,3.38,4.21,4.81,18,18,726.78,207.29,17.03,1.72,0.88,0.22,117.12
2025/03/31T20:01:43z,c8:c9:a3:f:85:30,7.04,3.0+OPENLOG+31164 MB+RV3028+BME68X+PMSX003-A+PMSX003-B,60,63,47,968.11,0.01,26264,0,820,2.44,2.89,3.21,2.44,2.89,3.21,12,12,584.42,165.96,10.77,0.91,0.4,0.16,3.02,3.71,3.98,3.02,3.71,3.98,15,15,674.85,192.54,14.59,0.68,0.47,0.0,117.75
2025/03/31T20:03:43z,c8:c9:a3:f:85:30,7.04,3.0+OPENLOG+31164 MB+RV3028+BME68X+PMSX003-A+PMSX003-B,60,63,47,968.2,0.01,26264,0,940,2.73,3.61,4.18,2.73,3.61,4.18,15,15,652.71,183.68,14.54,1.39,0.57,0.57,3.36,4.37,4.8,3.36,4.37,4.8,18,18,767.59,212.12,18.58,1.53,0.8,0.0,121.43
2025/03/31T20:05:43z,c8:c9:a3:f:85:30,7.04,3.0+OPENLOG+31164 MB+RV3028+BME68X+PMSX003-A+PMSX003-B,59,64,46,968.16,0.01,26264,0,1060,2.27,2.98,2.98,2.27,2.98,2.98,12,12,615.36,178.27,15.78,0.53,0.0,0.0,3.2,3.88,4.95,3.2,3.88,4.95,16,16,699.71,199.42,16.64,2.41,1.27,0.53,125.82
2025/03/31T20:07:43z,c8:c9:a3:f:85:30,7.04,3.0+OPENLOG+31164 MB+RV3028+BME68X+PMSX003-A+PMSX003-B,60,64,47,968.14,0.01,25640,0,1180,2.43,3.03,3.55,2.43,3.03,3.55,13,13,619.8,172.27,10.57,1.3,0.83,0.33,2.64,3.34,4.09,2.64,3.34,4.09,14,14,644.62,172.02,14.75,2.48,1.0,0.52,119.62
2025/03/31T20:09:23z,c8:c9:a3:f:85:30,7.04,3.0+OPENLOG+31164 MB+RV3028+BME68X+PMSX003-A+PMSX003-B,60,64,48,968.23,,26352,0,100,2.54,2.96,3.26,2.54,2.96,3.26,12,12,612.39,173.61,10.8,0.33,0.33,0.33,2.61,3.55,3.98,2.61,3.55,3.98,15,15,651.0,184.86,15.91,2.14,0.82,0.27,
2025/03/31T20:11:23z,c8:c9:a3:f:85:30,7.04,3.0+OPENLOG+31164 MB+RV3028+BME68X+PMSX003-A+PMSX003-B,59,64,46,968.29,0.01,26264,0,220,2.41,2.81,3.17,2.41,2.81,3.17,12,12,571.83,158.92,9.07,0.76,0.76,0.36,3.36,3.95,4.8,3.36,3.95,4.8,16,16,693.54,199.93,16.23,2.2,1.5,0.18,108.96
2025/03/31T20:13:23z,c8:c9:a3:f:85:30,7.04,3.0+OPENLOG+31164 MB+RV3028+BME68X+PMSX003-A+PMSX003-B,59,64,47,968.33,0.01,26264,0,340,1.86,2.75,2.96,1.86,2.75,2.96,11,11,504.11,140.53,12.58,1.82,0.58,0.09,2.24,2.69,3.07,2.24,2.69,3.07,11,11,563.29,154.86,11.71,1.02,0.44,0.0,111.04
2025/03/31T20:15:23z,c8:c9:a3:f:85:30,7.04,3.0+OPENLOG+31164 MB+RV3028+BME68X+PMSX003-A+PMSX003-B,60,64,48,968.23,0.01,26264,0,460,2.43,2.73,2.95,2.43,2.73,2.95,11,11,583.18,158.79,8.73,1.16,0.23,0.0,2.98,3.52,4.05,2.98,3.52,4.05,15,15,691.75,196.83,12.98,1.35,0.65,0.22,113.72
2025/03/31T20:17:23z,c8:c9:a3:f:85:30,7.04,3.0+OPENLOG+31164 MB+RV3028+BME68X+PMSX003-A+PMSX003-B,60,63,47,968.18,0.01,26264,0,580,2.59,3.48,3.83,2.59,3.48,3.83,15,15,645.83,179.9,13.07,2.47,0.9,0.0,3.82,4.44,4.72,3.82,4.44,4.72,18,18,812.68,229.04,17.84,1.07,0.54,0.16,117.81
2025/03/31T20:19:23z,c8:c9:a3:f:85:30,7.04,3.0+OPENLOG+31164 MB+RV3028+BME68X+PMSX003-A+PMSX003-B,59,64,47,968.22,0.01,26264,0,700,3.07,3.7,3.7,3.07,3.7,3.7,15,15,677.7,192.6,12.85,0.95,0.0,0.0,3.52,3.88,4.78,3.52,3.88,4.78,16,16,756.98,211.36,17.36,1.55,0.93,0.19,119.49
2025/03/31T20:21:23z,c8:c9:a3:f:85:30,7.04,3.0+OPENLOG+31164 MB+RV3028+BME68X+PMSX003-A+PMSX003-B,60,64,47,968.23,0.01,25952,0,820,2.62,3.36,3.52,2.62,3.36,3.52,14,14,614.59,171.55,13.59,1.88,0.26,0.19,2.5,3.29,3.78,2.5,3.29,3.78,14,14,614.02,174.9,16.05,1.26,0.79,0.24,114.73
2025/03/31T20:23:23z,c8:c9:a3:f:85:30,7.04,3.0+OPENLOG+31164 MB+RV3028+BME68X+PMSX003-A+PMSX003-B,59,64,47,968.11,0.01,26264,0,940,1.66,2.38,2.96,1.66,2.38,2.96,10,10,492.0,140.0,10.25,2.45,0.88,0.02,2.83,3.45,4.75,2.83,3.45,4.75,14,14,620.6,182.75,15.97,2.85,2.02,0.17,113.50
2025/03/31T20:25:23z,c8:c9:a3:f:85:30,7.04,3.0+OPENLOG+31164 MB+RV3028+BME68X+PMSX003-A+PMSX003-B,60,64,48,968.23,0.01,26264,0,1060,2.52,2.98,3.59,2.52,2.98,3.59,12,12,562.76,163.41,13.78,1.72,0.71,0.43,3.1,4.03,4.33,3.1,4.03,4.33,17,17,702.16,202.05,18.19,1.19,0.48,0.0,112.99
2025/03/31T20:27:23z,c8:c9:a3:f:85:30,7.04,3.0+OPENLOG+31164 MB+RV3028+BME68X+PMSX003-A+PMSX003-B,60,64,48,968.28,0.01,26264,0,1180,2.86,3.55,3.84,2.86,3.55,3.84,15,15,660.52,185.07,15.22,0.81,0.4,0.0,3.0,3.81,4.26,3.0,3.81,4.26,16,16,675.84,195.19,18.79,0.84,0.65,0.19,115.27
2025/03/31T20:29:03z,c8:c9:a3:f:85:30,7.04,3.0+OPENLOG+31164 MB+RV3028+BME68X+PMSX003-A+PMSX003-B,60,65,48,968.25,,26352,0,100,2.56,2.87,3.49,2.56,2.87,3.49,12,12,625.2,178.71,10.51,1.16,0.82,0.51,2.61,3.23,3.82,2.61,3.23,3.82,13,13,612.48,177.3,14.09,1.59,1.0,0.14,
2025/03/31T20:31:03z,c8:c9:a3:f:85:30,7.04,3.0+OPENLOG+31164 MB+RV3028+BME68X+PMSX003-A+PMSX003-B,60,64,47,968.33,0.01,26264,0,220,2.61,3.27,3.51,2.61,3.27,3.51,14,14,611.08,176.41,16.08,1.0,0.31,0.07,2.91,3.48,3.96,2.91,3.48,3.96,15,15,666.48,183.84,17.7,1.02,0.57,0.32,110.45
2025/03/31T20:33:03z,c8:c9:a3:f:85:30,7.04,3.0+OPENLOG+31164 MB+RV3028+BME68X+PMSX003-A+PMSX003-B,60,64,47,968.29,0.01,26264,0,340,2.75,3.23,3.39,2.75,3.23,3.39,13,13,640.74,177.44,11.63,1.16,0.23,0.0,2.73,3.65,4.52,2.73,3.65,4.52,15,15,674.15,189.1,14.02,2.15,1.68,0.25,114.20
2025/03/31T20:35:03z,c8:c9:a3:f:85:30,7.04,3.0+OPENLOG+31164 MB+RV3028+BME68X+PMSX003-A+PMSX003-B,60,64,47,968.25,0.01,26264,0,460,2.89,3.93,4.25,2.89,3.93,4.25,16,16,680.11,188.39,15.53,2.88,0.6,0.25,3.24,3.8,4.68,3.24,3.8,4.68,16,16,687.56,196.0,17.17,2.08,1.05,0.2,116.23
2025/03/31T20:37:03z,c8:c9:a3:f:85:30,7.04,3.0+OPENLOG+31164 MB+RV3028+BME68X+PMSX003-A+PMSX003-B,61,63,48,968.26,0.01,26264,0,580,2.91,3.78,3.81,2.91,3.78,3.81,16,16,771.41,213.1,15.26,0.79,0.19,0.0,3.9,4.9,5.41,3.9,4.9,5.41,20,20,877.76,245.09,19.43,1.43,0.79,0.17,120.59
2025/03/31T20:39:04z,c8:c9:a3:f:85:30,7.04,3.0+OPENLOG+31164 MB+RV3028+BME68X+PMSX003-A+PMSX003-B,62,62,49,968.28,0.01,26264,0,700,3.51,3.98,4.25,3.51,3.98,4.25,17,17,775.63,222.37,13.75,0.36,0.36,0.22,3.51,3.93,4.3,3.51,3.93,4.3,16,16,782.26,214.82,11.39,1.18,0.37,0.0,118.57
2025/03/31T20:41:03z,c8:c9:a3:f:85:30,7.04,3.0+OPENLOG+31164 MB+RV3028+BME68X+PMSX003-A+PMSX003-B,61,62,48,968.31,0.01,26264,0,820,2.98,3.47,3.79,2.98,3.47,3.79,14,14,755.17,212.1,14.1,0.78,0.59,0.12,3.83,4.51,4.8,3.83,4.51,4.8,19,19,842.14,237.64,14.17,1.36,0.51,0.0,120.90
2025/03/31T20:43:03z,c8:c9:a3:f:85:30,7.04,3.0+OPENLOG+31164 MB+RV3028+BME68X+PMSX003-A+PMSX003-B,61,62,48,968.31,0.01,26264,0,940,2.38,2.88,3.38,2.38,2.88,3.38,12,12,615.54,175.54,10.75,1.52,0.66,0.32,3.93,4.69,5.8,3.93,4.69,5.8,20,20,826.83,233.53,20.32,2.66,1.61,0.19,119.59
2025/03/31T20:45:03z,c8:c9:a3:f:85:30,7.04,3.0+OPENLOG+31164 MB+RV3028+BME68X+PMSX003-A+PMSX003-B,61,62,48,968.32,0.01,26264,0,1060,2.64,3.33,4.17,2.64,3.33,4.17,14,14,671.17,182.17,12.53,2.0,1.34,1.16,3.64,4.03,4.45,3.64,4.03,4.45,17,17,723.93,206.86,14.41,1.1,0.66,0.0,118.95
2025/03/31T20:47:03z,c8:c9:a3:f:85:30,7.04,3.0+OPENLOG+31164 MB+RV3028+BME68X+PMSX003-A+PMSX003-B,62,61,48,968.24,0.01,26264,0,1180,2.4,2.97,3.93,2.4,2.97,3.93,12,12,697.3,195.37,17.72,2.45,1.43,0.42,3.5,4.27,4.41,3.5,4.27,4.41,18,18,759.75,212.86,13.91,1.48,0.18,0.0,118.59
2025/03/31T20:48:44z,c8:c9:a3:f:85:30,7.04,3.0+OPENLOG+31164 MB+RV3028+BME68X+PMSX003-A+PMSX003-B,62,62,49,968.28,,26352,0,100,2.54,3.33,3.46,2.54,3.33,3.46,14,14,648.65,182.22,14.33,1.67,0.13,0.13,2.91,3.95,4.68,2.91,3.95,4.68,16,16,675.61,192.8,19.64,2.73,1.09,0.0,
2025/03/31T20:50:44z,c8:c9:a3:f:85:30,7.04,3.0+OPENLOG+31164 MB+RV3028+BME68X+PMSX003-A+PMSX003-B,61,62,47,968.24,0.01,26264,0,220,2.75,3.51,4.54,2.75,3.51,4.54,15,15,682.78,194.95,22.14,2.39,1.31,0.71,3.62,4.2,4.41,3.62,4.2,4.41,17,17,749.46,212.52,18.82,0.7,0.36,0.18,116.01
2025/03/31T20:52:44z,c8:c9:a3:f:85:30,7.04,3.0+OPENLOG+31164 MB+RV3028+BME68X+PMSX003-A+PMSX003-B,62,61,48,968.25,0.01,26264,0,340,1.89,2.42,3.46,1.89,2.42,3.46,10,10,568.11,157.33,10.75,1.86,1.58,0.81,2.63,3.62,4.17,2.63,3.62,4.17,15,15,632.2,183.37,16.3,2.08,0.97,0.17,116.58
2025/03/31T20:54:44z,c8:c9:a3:f:85:30,7.04,3.0+OPENLOG+31164 MB+RV3028+BME68X+PMSX003-A+PMSX003-B,63,60,49,968.22,0.01,26264,0,460,2.86,3.46,3.59,2.86,3.46,3.59,14,14,729.96,204.14,11.59,0.89,0.09,0.0,3.64,4.47,5.34,3.64,4.47,5.34,19,19,799.42,224.31,17.9,2.88,1.47,0.32,118.87
2025/03/31T20:56:44z,c8:c9:a3:f:85:30,7.04,3.0+OPENLOG+31164 MB+RV3028+BME68X+PMSX003-A+PMSX003-B,62,60,48,968.2,0.01,26264,0,580,2.8,3.51,3.83,2.8,3.51,3.83,15,15,688.17,198.71,14.14,1.03,0.42,0.42,3.62,4.74,5.29,3.62,4.74,5.29,20,20,779.22,224.88,17.71,2.4,0.72,0.34,121.16
2025/03/31T20:58:44z,c8:c9:a3:f:85:30,7.04,3.0+OPENLOG+31164 MB+RV3028+BME68X+PMSX003-A+PMSX003-B,62,61,48,968.32,0.01,26264,0,700,2.68,3.36,3.78,2.68,3.36,3.78,14,14,663.97,187.05,15.93,1.81,0.68,0.22,3.71,4.75,5.88,3.71,4.75,5.88,20,20,796.98,232.62,22.79,2.98,1.86,0.18,120.26
2025/03/31T21:00:44z,c8:c9:a3:f:85:30,7.04,3.0+OPENLOG+31164 MB+RV3028+BME68X+PMSX003-A+PMSX003-B,62,61,48,968.35,0.01,26264,0,820,2.57,3.09,3.19,2.57,3.09,3.19,13,13,660.21,186.17,10.03,1.21,0.22,0.0,3.85,4.68,5.0,3.85,4.68,5.0,19,19,795.66,230.41,20.78,0.97,0.73,0.0,117.43
2025/03/31T21:02:44z,c8:c9:a3:f:85:30,7.04,3.0+OPENLOG+31164 MB+RV3028+BME68X+PMSX003-A+PMSX003-B,60,63,47,968.36,0.01,26264,0,940,1.96,2.5,3.11,1.96,2.5,3.11,10,10,516.32,142.5,10.48,2.14,0.73,0.27,2.7,3.82,4.08,2.7,3.82,4.08,16,16,639.75,183.98,18.45,2.83,0.63,0.0,112.48
2025/03/31T21:04:44z,c8:c9:a3:f:85:30,7.04,3.0+OPENLOG+31164 MB+RV3028+BME68X+PMSX003-A+PMSX003-B,61,64,48,968.19,0.01,26264,0,1060,2.15,2.78,3.07,2.15,2.78,3.07,12,12,571.42,158.27,10.15,1.41,0.37,0.19,3.31,4.1,5.33,3.31,4.1,5.33,17,17,729.36,206.69,21.76,2.41,2.07,0.4,111.04
2025/03/31T21:06:44z,c8:c9:a3:f:85:30,7.04,3.0+OPENLOG+31164 MB+RV3028+BME68X+PMSX003-A+PMSX003-B,61,64,48,968.18,0.01,26264,0,1180,2.64,3.03,3.39,2.64,3.03,3.39,13,13,631.93,174.24,10.98,1.34,0.42,0.25,3.2,4.04,4.57,3.2,4.04,4.57,17,17,706.98,197.04,17.48,1.73,0.79,0.21,113.59
2025/03/31T21:08:25z,c8:c9:a3:f:85:30,7.04,3.0+OPENLOG+31164 MB+RV3028+BME68X+PMSX003-A+PMSX003-B,61,63,48,968.15,,26352,0,100,2.4,2.89,3.76,2.4,2.89,3.76,12,12,690.93,192.93,13.42,2.09,1.38,0.24,4.07,5.32,6.11,4.07,5.32,6.11,22,22,845.39,245.3,21.11,3.11,1.18,0.18,
2025/03/31T21:10:25z,c8:c9:a3:f:85:30,7.04,3.0+OPENLOG+31164 MB+RV3028+BME68X+PMSX003-A+PMSX003-B,62,62,49,968.14,0.01,26264,0,220,3.55,4.52,4.58,3.55,4.52,4.58,19,19,817.4,232.73,16.98,1.55,0.0,0.0,4.34,5.18,5.95,4.34,5.18,5.95,22,22,915.64,260.98,17.61,2.25,1.07,0.12,117.00
2025/03/31T21:12:25z,c8:c9:a3:f:85:30,7.04,3.0+OPENLOG+31164 MB+RV3028+BME68X+PMSX003-A+PMSX003-B,61,62,48,968.33,0.01,26264,0,340,4.14,4.91,5.54,4.14,4.91,5.54,20,20,972.32,272.63,19.35,1.61,1.14,0.23,5.18,5.93,5.93,5.18,5.93,5.93,25,25,1020.7,295.55,21.98,1.02,0.0,0.0,121.72
2025/03/31T21:14:25z,c8:c9:a3:f:85:30,7.04,3.0+OPENLOG+31164 MB+RV3028+BME68X+PMSX003-A+PMSX003-B,62,61,48,968.08,0.01,26264,0,460,3.51,4.04,4.72,3.51,4.04,4.72,17,17,826.11,235.44,13.72,2.33,1.16,0.28,4.31,5.0,5.66,4.31,5.0,5.66,21,21,916.98,261.54,15.07,1.12,0.83,0.17,121.60
2025/03/31T21:16:25z,c8:c9:a3:f:85:30,7.04,3.0+OPENLOG+31164 MB+RV3028+BME68X+PMSX003-A+PMSX003-B,61,62,47,968.14,0.01,26264,0,580,3.9,4.91,5.1,3.9,4.91,5.1,20,20,909.72,257.52,21.1,0.45,0.24,0.16,4.75,5.28,6.3,4.75,5.28,6.3,22,22,937.26,270.56,19.74,1.65,1.14,0.7,123.75
2025/03/31T21:18:25z,c8:c9:a3:f:85:30,7.04,3.0+OPENLOG+31164 MB+RV3028+BME68X+PMSX003-A+PMSX003-B,61,63,48,968.1,0.01,26264,0,700,3.25,3.95,4.54,3.25,3.95,4.54,16,16,724.37,199.25,18.39,2.02,0.75,0.17,4.1,4.72,5.72,4.1,4.72,5.72,20,20,835.19,237.02,20.62,2.07,1.52,0.21,118.72
2025/03/31T21:20:25z,c8:c9:a3:f:85:30,7.04,3.0+OPENLOG+31164 MB+RV3028+BME68X+PMSX003-A+PMSX003-B,60,64,47,968.12,0.01,26264,0,820,3.08,3.71,3.8,3.08,3.71,3.8,15,15,699.25,195.63,15.12,0.66,0.24,0.0,3.29,4.0,4.71,3.29,4.0,4.71,17,17,754.34,205.62,18.34,1.66,1.02,0.0,118.42
2025/03/31T21:22:25z,c8:c9:a3:f:85:30,7.04,3.0+OPENLOG+31164 MB+RV3028+BME68X+PMSX003-A+PMSX003-B,60,64,48,968.24,0.01,26264,0,940,3.02,3.91,4.2,3.02,3.91,4.2,16,16,743.68,202.11,17.84,1.54,0.39,0.21,3.12,3.92,4.54,3.12,3.92,4.54,16,16,734.75,204.29,17.51,1.34,1.03,0.0,113.59
2025/03/31T21:24:25z,c8:c9:a3:f:85:30,7.04,3.0+OPENLOG+31164 MB+RV3028+BME68X+PMSX003-A+PMSX003-B,60,64,47,968.25,0.01,26264,0,1060,2.81,3.09,3.93,2.81,3.09,3.93,13,13,660.72,178.79,12.31,1.29,1.03,0.24,3.53,4.53,5.59,3.53,4.53,5.59,19,19,833.64,219.76,19.91,2.52,1.57,0.6,112.07
2025/03/31T21:26:25z,c8:c9:a3:f:85:30,7.04,3.0+OPENLOG+31164 MB+RV3028+BME68X+PMSX003-A+PMSX003-B,60,64,48,968.27,0.01,26264,0,1180,2.58,3.15,4.6,2.58,3.15,4.6,13,13,635.2,172.63,14.88,3.1,2.13,1.18,3.21,4.38,4.57,3.21,4.38,4.57,18,18,781.39,212.36,23.0,1.39,0.64,0.02,113.74
2025/03/31T21:28:05z,c8:c9:a3:f:85:30,7.04,3.0+OPENLOG+31164 MB+RV3028+BME68X+PMSX003-A+PMSX003-B,60,65,48,968.3,,26352,0,100,2.71,3.87,4.31,2.71,3.87,4.31,16,16,699.87,192.53,14.53,2.02,0.71,0.36,4.28,4.7,5.49,4.28,4.7,5.49,20,20,797.23,226.14,25.21,2.02,1.09,0.74,
2025/03/31T21:30:05z,c8:c9:a3:f:85:30,7.04,3.0+OPENLOG+31164 MB+RV3028+BME68X+PMSX003-A+PMSX003-B,60,64,48,968.66,0.01,26264,0,220,2.68,3.51,3.73,2.68,3.51,3.73,15,15,649.42,179.59,18.25,1.25,0.46,0.1,3.3,4.18,5.0,3.3,4.18,5.0,17,17,785.52,215.61,19.7,2.25,1.05,0.27,115.67
2025/03/31T21:32:05z,c8:c9:a3:f:85:30,7.04,3.0+OPENLOG+31164 MB+RV3028+BME68X+PMSX003-A+PMSX003-B,60,64,48,968.37,0.01,26264,0,340,2.1,2.74,3.07,2.1,2.74,3.07,11,11,560.48,150.74,9.62,1.16,0.38,0.22,3.97,4.65,5.3,3.97,4.65,5.3,19,19,834.3,238.43,18.28,1.03,0.62,0.35,115.71
2025/03/31T21:34:05z,c8:c9:a3:f:85:30,7.04,3.0+OPENLOG+31164 MB+RV3028+BME68X+PMSX003-A+PMSX003-B,60,64,48,968.4,0.01,26264,0,460,2.66,3.41,4.27,2.66,3.41,4.27,14,14,612.96,176.38,13.11,2.73,1.57,0.45,2.95,3.72,4.17,2.95,3.72,4.17,15,15,646.4,186.38,17.07,1.23,0.65,0.2,111.22
2025/03/31T21:36:05z,c8:c9:a3:f:85:30,7.04,3.0+OPENLOG+31164 MB+RV3028+BME68X+PMSX003-A+PMSX003-B,60,64,48,968.34,0.01,26264,0,580,3.17,3.76,4.62,3.17,3.76,4.62,16,16,705.0,196.03,14.71,1.79,1.16,0.17,3.37,4.23,5.14,3.37,4.23,5.14,18,18,741.74,210.96,17.65,2.42,1.25,0.49,112.96
2025/03/31T21:38:05z,c8:c9:a3:f:85:30,7.04,3.0+OPENLOG+31164 MB+RV3028+BME68X+PMSX003-A+PMSX003-B,60,65,48,968.41,0.01,26264,0,700,2.3,2.87,2.88,2.3,2.87,2.88,12,12,591.0,162.2,15.47,0.92,0.17,0.0,3.2,3.93,4.29,3.2,3.93,4.29,16,16,721.71,198.0,17.89,1.02,0.57,0.18,108.37
2025/03/31T21:40:05z,c8:c9:a3:f:85:30,7.04,3.0+OPENLOG+31164 MB+RV3028+BME68X+PMSX003-A+PMSX003-B,60,64,48,968.36,0.01,26264,0,820,2.62,3.31,3.36,2.62,3.31,3.36,14,14,606.1,172.0,10.34,1.74,0.02,0.0,2.81,3.37,4.31,2.81,3.37,4.31,14,14,616.07,176.58,15.54,2.37,1.1,0.86,109.94
2025/03/31T21:42:05z,c8:c9:a3:f:85:30,7.04,3.0+OPENLOG+31164 MB+RV3028+BME68X+PMSX003-A+PMSX003-B,60,64,48,968.42,0.01,26264,0,940,2.84,3.38,4.05,2.84,3.38,4.05,14,14,650.89,178.79,14.79,1.95,0.66,0.21,3.29,4.32,4.32,3.29,4.32,4.32,18,18,724.32,208.07,17.71,0.9,0.0,0.0,110.22
2025/03/31T21:44:05z,c8:c9:a3:f:85:30,7.04,3.0+OPENLOG+31164 MB+RV3028+BME68X+PMSX003-A+PMSX003-B,61,63,48,968.44,0.01,26264,0,1060,2.97,3.59,4.49,2.97,3.59,4.49,15,15,707.19,202.24,18.14,1.8,1.27,0.83,3.66,4.38,5.12,3.66,4.38,5.12,18,18,785.12,222.57,19.71,2.36,0.9,0.66,113.07
2025/03/31T21:46:05z,c8:c9:a3:f:85:30,7.04,3.0+OPENLOG+31164 MB+RV3028+BME68X+PMSX003-A+PMSX003-B,60,64,47,968.45,0.01,26264,0,1180,2.35,2.85,3.82,2.35,2.85,3.82,12,12,642.7,181.43,13.45,1.37,1.37,0.58,3.52,4.5,5.96,3.52,4.5,5.96,19,19,764.04,218.5,19.46,2.96,2.64,0.5,115.44
2025/03/31T21:47:46z,c8:c9:a3:f:85:30,7.04,3.0+OPENLOG+31164 MB+RV3028+BME68X+PMSX003-A+PMSX003-B,60,65,48,968.43,,26352,0,100,2.2,3.07,3.73,2.2,3.07,3.73,13,13,572.67,159.38,15.0,2.58,1.04,0.2,2.34,3.18,3.55,2.34,3.18,3.55,13,13,629.11,170.32,15.52,1.23,0.41,0.0,
2025/03/31T21:49:46z,c8:c9:a3:f:85:30,7.04,3.0+OPENLOG+31164 MB+RV3028+BME68X+PMSX003-A+PMSX003-B,60,65,48,968.5,0.01,26264,0,220,2.27,3.0,3.29,2.27,3.0,3.29,13,13,550.07,152.85,15.0,1.49,0.34,0.08,2.57,3.71,4.62,2.57,3.71,4.62,15,15,694.02,185.57,17.57,2.8,1.25,0.27,108.28
2025/03/31T21:51:46z,c8:c9:a3:f:85:30,7.04,3.0+OPENLOG+31164 MB+RV3028+BME68X+PMSX003-A+PMSX003-B,60,65,48,968.41,0.01,26264,0,340,2.19,2.84,3.23,2.19,2.84,3.23,12,12,544.21,154.28,13.79,1.25,0.67,0.21,3.03,3.47,4.13,3.03,3.47,4.13,14,14,718.55,187.15,13.7,1.88,0.95,0.17,103.68
2025/03/31T21:53:46z,c8:c9:a3:f:85:30,7.04,3.0+OPENLOG+31164 MB+RV3028+BME68X+PMSX003-A+PMSX003-B,60,65,48,968.41,0.01,26264,0,460,2.54,3.16,4.32,2.54,3.16,4.32,13,13,615.96,173.29,15.62,2.62,1.64,0.7,3.17,3.98,4.73,3.17,3.98,4.73,17,17,765.56,208.15,19.1,2.37,1.78,0.0,102.92
2025/03/31T21:55:46z,c8:c9:a3:f:85:30,7.04,3.0+OPENLOG+31164 MB+RV3028+BME68X+PMSX003-A+PMSX003-B,60,65,48,968.41,0.01,26264,0,580,2.54,3.14,3.42,2.54,3.14,3.42,13,13,625.53,174.07,14.85,1.22,0.39,0.0,3.02,3.84,4.42,3.02,3.84,4.42,16,16,722.68,197.75,16.39,1.77,0.93,0.23,106.28
2025/03/31T21:57:46z,c8:c9:a3:f:85:30,7.04,3.0+OPENLOG+31164 MB+RV3028+BME68X+PMSX003-A+PMSX003-B,61,64,49,968.37,0.01,26264,0,700,2.78,3.73,4.65,2.78,3.73,4.65,16,16,704.9,211.03,19.25,2.7,1.17,0.6,3.25,4.09,4.47,3.25,4.09,4.47,17,17,718.05,203.86,20.58,1.72,0.65,0.0,108.70
2025/03/31T21:59:46z,c8:c9:a3:f:85:30,7.04,3.0+OPENLOG+31164 MB+RV3028+BME68X+PMSX003-A+PMSX003-B,61,65,49,968.48,0.01,26264,0,820,2.74,3.51,4.05,2.74,3.51,4.05,15,15,702.32,197.72,15.75,1.68,0.68,0.63,3.64,4.8,5.0,3.64,4.8,5.0,20,20,788.69,227.36,21.47,1.39,0.51,0.19,110.05
2025/03/31T22:01:46z,c8:c9:a3:f:85:30,7.04,3.0+OPENLOG+31164 MB+RV3028+BME68X+PMSX003-A+PMSX003-B,60,65,48,968.67,0.01,26264,0,940,2.39,2.8,3.86,2.39,2.8,3.86,12,12,629.46,178.46,9.32,1.96,1.62,0.48,3.2,4.47,5.49,3.2,4.47,5.49,19,19,746.64,217.41,19.85,3.41,1.41,0.24,108.68
2025/03/31T22:03:46z,c8:c9:a3:f:85:30,7.04,3.0+OPENLOG+31164 MB+RV3028+BME68X+PMSX003-A+PMSX003-B,60,65,48,968.62,0.01,26264,0,1060,2.52,3.38,3.53,2.52,3.38,3.53,14,14,582.52,168.24,14.91,1.09,0.28,0.0,3.1,4.25,4.64,3.1,4.25,4.64,18,18,693.61,199.24,18.34,2.17,0.73,0.0,109.07
2025/03/31T22:05:46z,c8:c9:a3:f:85:30,7.04,3.0+OPENLOG+31164 MB+RV3028+BME68X+PMSX003-A+PMSX003-B,62,64,49,968.62,0.01,26264,0,1180,2.64,3.41,3.75,2.64,3.41,3.75,14,14,638.03,185.66,18.27,1.31,0.47,0.17,3.91,4.48,5.05,3.91,4.48,5.05,19,19,814.88,228.3,18.04,1.21,0.89,0.0,109.49
2025/03/31T22:07:27z,c8:c9:a3:f:85:30,7.04,3.0+OPENLOG+31164 MB+RV3028+BME68X+PMSX003-A+PMSX003-B,60,65,48,968.58,,26352,0,101,2.87,3.51,4.24,2.87,3.51,4.24,15,15,751.2,206.53,17.82,1.62,0.98,0.49,3.41,4.48,5.07,3.41,4.48,5.07,19,19,753.2,218.09,20.25,2.68,1.07,0.25,
2025/03/31T22:09:27z,c8:c9:a3:f:85:30,7.04,3.0+OPENLOG+31164 MB+RV3028+BME68X+PMSX003-A+PMSX003-B,60,65,48,968.64,0.01,26264,0,221,3.02,3.63,4.41,3.02,3.63,4.41,15,15,694.68,202.54,17.36,1.41,1.17,0.51,3.71,4.82,4.84,3.71,4.82,4.84,20,20,841.55,228.98,19.32,0.88,0.2,0.0,105.95
2025/03/31T22:11:27z,c8:c9:a3:f:85:30,7.04,3.0+OPENLOG+31164 MB+RV3028+BME68X+PMSX003-A+PMSX003-B,60,65,48,968.67,0.01,26264,0,341,3.61,4.33,5.09,3.61,4.33,5.09,18,18,789.89,235.26,20.37,2.12,0.86,0.68,4.05,4.98,5.59,4.05,4.98,5.59,21,21,850.53,242.76,19.37,1.53,1.17,0.08,112.92
2025/03/31T22:13:27z,c8:c9:a3:f:85:30,7.04,3.0+OPENLOG+31164 MB+RV3028+BME68X+PMSX003-A+PMSX003-B,60,64,48,968.68,0.01,26264,0,461,3.35,4.37,4.81,3.35,4.37,4.81,18,18,808.37,227.6,19.88,1.19,0.75,0.49,3.45,4.53,5.05,3.45,4.53,5.05,19,19,753.25,214.02,20.12,1.67,0.78,0.55,115.17
2025/03/31T22:15:27z,c8:c9:a3:f:85:30,7.04,3.0+OPENLOG+31164 MB+RV3028+BME68X+PMSX003-A+PMSX003-B,60,65,48,968.73,0.01,26264,0,581,3.54,4.36,4.95,3.54,4.36,4.95,18,18,820.88,235.53,20.0,1.54,0.97,0.25,4.14,5.16,5.61,4.14,5.16,5.61,21,21,857.16,248.53,23.3,1.61,0.74,0.11,114.05
2025/03/31T22:17:27z,c8:c9:a3:f:85:30,7.04,3.0+OPENLOG+31164 MB+RV3028+BME68X+PMSX003-A+PMSX003-B,62,63,49,968.84,0.01,26264,0,701,4.56,5.12,5.42,4.56,5.12,5.42,21,21,963.56,276.51,16.66,0.51,0.51,0.0,4.05,5.07,5.64,4.05,5.07,5.64,21,21,812.79,235.71,19.54,2.66,0.96,0.34,113.28
2025/03/31T22:19:27z,c8:c9:a3:f:85:30,7.04,3.0+OPENLOG+31164 MB+RV3028+BME68X+PMSX003-A+PMSX003-B,62,63,49,968.94,0.01,26264,0,821,4.41,5.45,6.88,4.41,5.45,6.88,23,23,1066.86,296.03,23.41,4.05,2.26,1.0,5.57,6.72,7.07,5.57,6.72,7.07,28,28,1081.15,308.27,30.17,1.72,0.67,0.0,122.13
2025/03/31T22:21:27z,c8:c9:a3:f:85:30,7.04,3.0+OPENLOG+31164 MB+RV3028+BME68X+PMSX003-A+PMSX003-B,60,64,48,968.99,0.01,26264,0,941,5.3,6.27,6.91,5.3,6.27,6.91,26,26,1091.04,317.43,26.79,1.61,0.89,0.55,4.85,5.85,6.86,4.85,5.85,6.86,24,24,973.47,278.85,28.14,2.32,1.29,0.22,126.71
2025/03/31T22:23:27z,c8:c9:a3:f:85:30,7.04,3.0+OPENLOG+31164 MB+RV3028+BME68X+PMSX003-A+PMSX003-B,59,70,49,969.11,0.01,26264,0,1061,5.49,6.61,7.07,5.49,6.61,7.07,28,28,1092.2,309.25,19.17,2.31,0.68,0.2,5.22,6.4,7.19,5.22,6.4,7.19,27,27,1037.22,294.26,30.38,2.59,1.34,0.0,122.33
2025/03/31T22:25:27z,c8:c9:a3:f:85:30,7.04,3.0+OPENLOG+31164 MB+RV3028+BME68X+PMSX003-A+PMSX003-B,59,71,49,969.25,0.01,26264,0,1181,6.07,7.27,7.68,6.07,7.27,7.68,30,30,1196.24,342.41,29.98,1.34,0.64,0.0,5.73,6.96,7.48,5.73,6.96,7.48,29,29,1104.21,318.07,32.02,1.41,0.91,0.25,122.13
2025/03/31T22:27:09z,c8:c9:a3:f:85:30,7.04,3.0+OPENLOG+31164 MB+RV3028+BME68X+PMSX003-A+PMSX003-B,59,73,50,969.21,,26352,0,101,5.74,6.54,7.48,5.74,6.54,7.48,27,27,1115.22,317.35,24.85,1.28,1.28,0.93,4.45,5.7,6.55,4.45,5.7,6.55,24,24,947.32,268.07,28.64,2.5,1.64,0.32,
2025/03/31T22:29:09z,c8:c9:a3:f:85:30,7.04,3.0+OPENLOG+31164 MB+RV3028+BME68X+PMSX003-A+PMSX003-B,59,72,50,969.27,0.01,26264,0,221,6.22,7.24,8.02,6.22,7.24,8.02,30,30,1167.41,342.55,26.57,2.66,0.95,0.41,5.46,7.04,8.38,5.46,7.04,8.38,29,29,1082.73,319.91,33.45,4.05,2.52,0.21,123.44
2025/03/31T22:31:09z,c8:c9:a3:f:85:30,7.04,3.0+OPENLOG+31164 MB+RV3028+BME68X+PMSX003-A+PMSX003-B,59,70,49,969.47,0.01,26264,0,341,6.12,7.25,8.32,6.12,7.25,8.32,30,30,1148.53,327.3,25.42,3.89,1.82,0.32,5.66,7.2,7.58,5.66,7.2,7.58,30,30,1098.92,320.75,32.12,2.44,0.9,0.0,149.90
2025/03/31T22:33:09z,c8:c9:a3:f:85:30,7.04,3.0+OPENLOG+31164 MB+RV3028+BME68X+PMSX003-A+PMSX003-B,57,71,48,969.57,0.01,26264,0,461,4.88,5.68,6.73,4.88,5.68,6.73,24,24,992.79,286.07,19.91,2.84,1.43,0.46,4.77,5.58,6.68,4.77,5.58,6.68,23,23,979.3,270.63,21.37,1.98,1.52,0.75,163.51
2025/03/31T22:35:09z,c8:c9:a3:f:85:30,7.04,3.0+OPENLOG+31164 MB+RV3028+BME68X+PMSX003-A+PMSX003-B,58,71,48,969.59,0.01,26264,0,581,4.71,5.54,6.44,4.71,5.54,6.44,23,23,966.71,267.66,24.47,1.93,0.9,0.9,4.49,5.61,7.61,4.49,5.61,7.61,23,23,950.47,272.47,31.7,4.3,3.46,0.0,152.03
2025/03/31T22:37:09z,c8:c9:a3:f:85:30,7.04,3.0+OPENLOG+31164 MB+RV3028+BME68X+PMSX003-A+PMSX003-B,58,71,48,969.47,0.01,26264,0,701,4.22,4.97,5.39,4.22,4.97,5.39,21,21,872.34,249.36,17.15,1.2,0.75,0.24,4.84,5.55,5.89,4.84,5.55,5.89,23,23,894.21,267.21,18.96,1.66,0.29,0.0,151.24
2025/03/31T22:39:09z,c8:c9:a3:f:85:30,7.04,3.0+OPENLOG+31164 MB+RV3028+BME68X+PMSX003-A+PMSX003-B,58,71,48,969.44,0.01,26264,0,821,4.24,5.26,5.62,4.24,5.26,5.62,22,22,906.83,255.38,19.79,1.34,0.38,0.21,4.12,4.78,5.88,4.12,4.78,5.88,20,20,855.2,240.0,19.76,2.44,1.53,0.34,154.40
2025/03/31T22:41:09z,c8:c9:a3:f:85:30,7.04,3.0+OPENLOG+31164 MB+RV3028+BME68X+PMSX003-A+PMSX003-B,58,72,49,969.47,0.01,26264,0,941,4.79,5.66,5.98,4.79,5.66,5.98,24,24,1005.86,280.5,18.86,1.57,0.39,0.2,5.75,6.9,7.45,5.75,6.9,7.45,29,29,1142.65,330.52,28.47,1.78,0.98,0.0,153.14
2025/03/31T22:43:09z,c8:c9:a3:f:85:30,7.04,3.0+OPENLOG+31164 MB+RV3028+BME68X+PMSX003-A+PMSX003-B,57,72,48,969.4,0.01,26264,0,1061,4.28,5.12,6.21,4.28,5.12,6.21,21,21,881.07,247.17,21.38,2.4,1.41,0.76,4.97,5.78,6.34,4.97,5.78,6.34,24,24,984.62,283.31,22.78,1.29,0.81,0.0,149.94
2025/03/31T22:45:09z,c8:c9:a3:f:85:30,7.04,3.0+OPENLOG+31164 MB+RV3028+BME68X+PMSX003-A+PMSX003-B,57,72,48,969.4,0.01,26264,0,1181,4.48,5.85,6.48,4.48,5.85,6.48,24,24,948.3,261.33,24.2,3.03,1.23,0.32,5.79,7.2,8.05,5.79,7.2,8.05,30,30,1129.23,324.04,34.43,2.84,1.25,0.0,149.05
2025/03/31T22:46:49z,c8:c9:a3:f:85:30,7.04,3.0+OPENLOG+31164 MB+RV3028+BME68X+PMSX003-A+PMSX003-B,58,72,49,969.49,,26352,0,100,5.76,6.8,7.39,5.76,6.8,7.39,28,28,1134.78,321.17,25.33,1.33,0.7,0.63,6.05,7.36,8.3,6.05,7.36,8.3,31,31,1155.0,339.39,27.82,3.2,1.41,0.73,
2025/03/31T22:48:49z,c8:c9:a3:f:85:30,7.04,3.0+OPENLOG+31164 MB+RV3028+BME68X+PMSX003-A+PMSX003-B,57,72,48,969.49,0.01,26264,0,220,5.09,6.41,6.83,5.09,6.41,6.83,27,27,1032.62,289.14,25.67,1.95,0.52,0.24,5.57,6.79,7.77,5.57,6.79,7.77,28,28,1086.32,321.14,31.95,2.14,1.48,0.18,152.69
2025/03/31T22:50:49z,c8:c9:a3:f:85:30,7.04,3.0+OPENLOG+31164 MB+RV3028+BME68X+PMSX003-A+PMSX003-B,59,71,49,969.42,0.01,26264,0,340,6.16,7.31,8.26,6.16,7.31,8.26,30,30,1159.03,336.69,28.59,2.6,1.19,0.64,6.42,7.63,7.95,6.42,7.63,7.95,32,32,1171.32,344.56,31.34,1.1,0.54,0.0,153.37
2025/03/31T22:52:49z,c8:c9:a3:f:85:30,7.04,3.0+OPENLOG+31164 MB+RV3028+BME68X+PMSX003-A+PMSX003-B,59,70,49,969.5,0.01,26264,0,460,5.82,6.89,7.77,5.82,6.89,7.77,29,29,1171.82,324.54,27.09,1.93,1.3,0.7,5.81,6.68,7.0,5.81,6.68,7.0,28,28,1128.66,323.15,25.34,1.14,0.63,0.17,155.49
2025/03/31T22:54:49z,c8:c9:a3:f:85:30,7.04,3.0+OPENLOG+31164 MB+RV3028+BME68X+PMSX003-A+PMSX003-B,58,70,48,969.49,0.01,26264,0,580,5.75,7.02,8.34,5.75,7.02,8.34,29,29,1171.12,330.98,27.63,3.32,2.02,0.73,6.02,7.25,8.25,6.02,7.25,8.25,30,30,1180.79,336.0,31.33,2.39,1.56,0.58,155.42
2025/03/31T22:56:49z,c8:c9:a3:f:85:30,7.04,3.0+OPENLOG+31164 MB+RV3028+BME68X+PMSX003-A+PMSX003-B,59,70,49,969.53,0.01,26264,0,700,5.93,7.21,7.93,5.93,7.21,7.93,30,30,1147.45,327.69,28.24,2.14,1.02,0.21,5.44,6.39,6.51,5.44,6.39,6.51,27,27,1063.16,304.26,25.3,0.95,0.26,0.12,150.91
2025/03/31T22:58:49z,c8:c9:a3:f:85:30,7.04,3.0+OPENLOG+31164 MB+RV3028+BME68X+PMSX003-A+PMSX003-B,58,70,48,969.59,0.01,26264,0,820,6.12,7.25,7.8,6.12,7.25,7.8,30,30,1145.59,326.95,28.59,1.51,0.68,0.46,5.97,7.31,8.12,5.97,7.31,8.12,30,30,1203.0,328.48,36.88,2.98,1.33,0.17,148.08
2025/03/31T23:00:49z,c8:c9:a3:f:85:30,7.04,3.0+OPENLOG+31164 MB+RV3028+BME68X+PMSX003-A+PMSX003-B,58,70,48,969.8,0.01,26264,0,940,5.96,6.96,7.96,5.96,6.96,7.96,29,29,1151.57,330.61,24.39,2.11,1.43,1.18,5.39,6.86,7.59,5.39,6.86,7.59,29,29,1109.64,314.58,23.25,3.19,0.97,0.59,146.14
2025/03/31T23:02:49z,c8:c9:a3:f:85:30,7.04,3.0+OPENLOG+31164 MB+RV3028+BME68X+PMSX003-A+PMSX003-B,59,69,49,969.57,0.01,26264,0,1060,5.59,6.6,6.81,5.59,6.6,6.81,28,28,1064.28,302.52,22.98,1.98,0.29,0.29,5.93,7.37,7.73,5.93,7.37,7.73,31,31,1159.73,331.05,34.93,1.49,0.75,0.0,144.19
2025/03/31T23:04:49z,c8:c9:a3:f:85:30,7.04,3.0+OPENLOG+31164 MB+RV3028+BME68X+PMSX003-A+PMSX003-B,58,71,48,969.88,0.01,26264,0,1180,5.37,6.31,7.1,5.37,6.31,7.1,26,26,1038.81,296.58,24.71,2.24,0.92,0.41,5.09,6.16,6.93,5.09,6.16,6.93,26,26,994.5,282.77,31.02,2.2,0.96,0.77,140.00
2025/03/31T23:06:30z,c8:c9:a3:f:85:30,7.04,3.0+OPENLOG+31164 MB+RV3028+BME68X+PMSX003-A+PMSX003-B,59,71,49,969.69,,26352,0,100,5.35,6.04,6.22,5.35,6.04,6.22,25,25,969.13,281.52,23.07,0.93,0.17,0.11,5.23,6.55,7.41,5.23,6.55,7.41,27,27,1045.36,304.05,24.91,2.89,1.64,0.0,
2025/03/31T23:08:30z,c8:c9:a3:f:85:30,7.04,3.0+OPENLOG+31164 MB+RV3028+BME68X+PMSX003-A+PMSX003-B,59,69,49,969.68,0.01,26264,0,220,6.08,6.95,7.82,6.08,6.95,7.82,29,29,1140.6,333.13,26.32,1.87,1.07,0.63,5.45,6.39,6.71,5.45,6.39,6.71,27,27,1067.89,306.14,25.89,0.64,0.46,0.27,139.78
2025/03/31T23:10:30z,c8:c9:a3:f:85:30,7.04,3.0+OPENLOG+31164 MB+RV3028+BME68X+PMSX003-A+PMSX003-B,59,70,49,969.75,0.01,26264,0,340,5.81,6.54,6.84,5.81,6.54,6.84,27,27,1080.53,312.42,22.63,1.47,0.4,0.05,5.44,6.85,7.61,5.44,6.85,7.61,29,29,1077.15,313.31,28.86,3.81,1.27,0.22,136.41
2025/03/31T23:12:30z,c8:c9:a3:f:85:30,7.04,3.0+OPENLOG+31164 MB+RV3028+BME68X+PMSX003-A+PMSX003-B,58,70,48,969.73,0.01,26264,0,460,6.04,7.16,7.98,6.04,7.16,7.98,30,30,1139.36,335.36,33.43,2.36,1.3,0.39,5.97,7.05,7.63,5.97,7.05,7.63,29,29,1155.1,327.75,31.6,1.5,0.83,0.42,137.40
2025/03/31T23:14:30z,c8:c9:a3:f:85:30,7.04,3.0+OPENLOG+31164 MB+RV3028+BME68X+PMSX003-A+PMSX003-B,58,70,48,969.71,0.01,26264,0,580,5.48,6.52,7.79,5.48,6.52,7.79,27,27,1066.14,307.17,25.98,3.16,1.6,0.9,5.23,6.37,7.3,5.23,6.37,7.3,27,27,1058.11,297.19,26.6,2.16,1.49,0.14,137.34
2025/03/31T23:16:30z,c8:c9:a3:f:85:30,7.04,3.0+OPENLOG+31164 MB+RV3028+BME68X+PMSX003-A+PMSX003-B,58,70,48,969.64,0.01,26264,0,700,5.44,6.83,7.54,5.44,6.83,7.54,28,28,1066.07,306.47,25.97,3.37,1.2,0.71,4.77,5.79,6.16,4.77,5.79,6.16,24,24,933.53,274.42,24.32,1.04,0.79,0.0,136.27
2025/03/31T23:18:30z,c8:c9:a3:f:85:30,7.04,3.0+OPENLOG+31164 MB+RV3028+BME68X+PMSX003-A+PMSX003-B,59,69,49,969.78,0.01,26264,0,820,6.07,7.16,8.07,6.07,7.16,8.07,30,30,1148.28,329.97,29.55,1.9,1.31,0.66,5.29,6.36,7.08,5.29,6.36,7.08,26,26,1057.32,297.93,23.54,2.39,1.25,0.0,135.48
2025/03/31T23:20:30z,c8:c9:a3:f:85:30,7.04,3.0+OPENLOG+31164 MB+RV3028+BME68X+PMSX003-A+PMSX003-B,58,70,48,969.73,0.01,26264,0,940,4.28,5.54,6.0,4.28,5.54,6.0,23,23,897.26,254.39,25.07,2.3,0.72,0.11,4.49,5.68,6.34,4.49,5.68,6.34,24,24,880.02,257.49,26.0,2.25,1.03,0.0,128.58
2025/03/31T23:22:30z,c8:c9:a3:f:85:30,7.04,3.0+OPENLOG+31164 MB+RV3028+BME68X+PMSX003-A+PMSX003-B,58,69,47,969.74,0.01,26264,0,1060,3.66,4.51,4.73,3.66,4.51,4.73,19,19,777.86,221.39,20.2,1.36,0.25,0.0,3.93,5.19,5.53,3.93,5.19,5.53,22,22,814.27,238.88,27.34,1.61,0.58,0.0,121.93
2025/03/31T23:24:30z,c8:c9:a3:f:85:30,7.04,3.0+OPENLOG+31164 MB+RV3028+BME68X+PMSX003-A+PMSX003-B,58,69,48,969.81,0.01,26264,0,1180,2.97,3.61,3.85,2.97,3.61,3.85,15,15,663.76,188.24,13.59,1.44,0.42,0.0,2.96,4.16,4.54,2.96,4.16,4.54,17,17,667.61,186.84,18.8,2.3,0.77,0.18,116.92
2025/03/31T23:26:10z,c8:c9:a3:f:85:30,7.04,3.0+OPENLOG+31164 MB+RV3028+BME68X+PMSX003-A+PMSX003-B,57,70,47,969.66,,26352,0,100,2.47,2.96,3.84,2.47,2.96,3.84,12,12,610.8,168.93,11.82,1.76,1.31,0.53,1.82,2.7,3.25,1.82,2.7,3.25,11,11,497.73,142.57,16.25,1.55,0.98,0.0,
2025/03/31T23:28:10z,c8:c9:a3:f:85:30,7.04,3.0+OPENLOG+31164 MB+RV3028+BME68X+PMSX003-A+PMSX003-B,58,68,47,969.87,0.01,26264,0,220,2.81,3.47,3.98,2.81,3.47,3.98,14,14,639.86,180.64,18.2,1.12,0.61,0.61,2.52,3.18,3.68,2.52,3.18,3.68,13,13,567.54,167.62,17.16,1.32,0.64,0.27,110.95
2025/03/31T23:30:10z,c8:c9:a3:f:85:30,7.04,3.0+OPENLOG+31164 MB+RV3028+BME68X+PMSX003-A+PMSX003-B,58,68,47,969.69,0.01,26264,0,340,3.34,4.12,4.38,3.34,4.12,4.38,17,17,691.14,202.62,16.78,1.72,0.48,0.22,2.98,3.98,4.2,2.98,3.98,4.2,17,17,664.05,190.48,18.57,2.0,0.58,0.0,114.70
2025/03/31T23:32:10z,c8:c9:a3:f:85:30,7.04,3.0+OPENLOG+31164 MB+RV3028+BME68X+PMSX003-A+PMSX003-B,58,68,47,969.74,0.01,26264,0,460,2.96,3.53,3.53,2.96,3.53,3.53,15,15,652.11,187.93,13.74,0.53,0.0,0.0,2.54,3.31,3.76,2.54,3.31,3.76,14,14,567.61,168.0,15.53,1.44,0.61,0.42,113.07
2025/03/31T23:34:10z,c8:c9:a3:f:85:30,7.04,3.0+OPENLOG+31164 MB+RV3028+BME68X+PMSX003-A+PMSX003-B,59,68,48,969.86,0.01,26264,0,580,3.34,3.83,4.22,3.34,3.83,4.22,16,16,691.12,200.85,16.93,0.86,0.54,0.17,2.36,3.02,3.6,2.36,3.02,3.6,13,13,577.81,166.38,12.69,1.79,0.66,0.0,111.06
2025/03/31T23:36:10z,c8:c9:a3:f:85:30,7.04,3.0+OPENLOG+31164 MB+RV3028+BME68X+PMSX003-A+PMSX003-B,57,69,47,969.9,0.01,26264,0,700,2.53,3.07,3.52,2.53,3.07,3.52,13,13,596.9,171.23,12.68,1.83,0.48,0.03,2.37,3.21,3.42,2.37,3.21,3.42,13,13,598.32,167.56,17.47,1.02,0.67,0.21,109.35
2025/03/31T23:38:10z,c8:c9:a3:f:85:30,7.04,3.0+OPENLOG+31164 MB+RV3028+BME68X+PMSX003-A+PMSX003-B,58,68,47,969.9,0.01,26264,0,820,2.03,2.48,2.76,2.03,2.48,2.76,10,10,483.72,135.9,10.97,1.22,0.36,0.17,1.95,2.24,3.16,1.95,2.24,3.16,9,9,503.48,136.79,8.4,1.91,1.47,0.0,107.36
2025/03/31T23:40:10z,c8:c9:a3:f:85:30,7.04,3.0+OPENLOG+31164 MB+RV3028+BME68X+PMSX003-A+PMSX003-B,57,69,46,969.93,0.01,26264,0,940,2.0,2.88,3.02,2.0,2.88,3.02,12,12,523.05,150.56,13.96,0.82,0.21,0.21,2.19,2.88,3.75,2.19,2.88,3.75,12,12,529.32,153.37,16.1,1.58,1.2,0.61,108.35
2025/03/31T23:42:10z,c8:c9:a3:f:85:30,7.04,3.0+OPENLOG+31164 MB+RV3028+BME68X+PMSX003-A+PMSX003-B,58,68,47,969.88,0.01,26264,0,1060,1.74,2.22,2.74,1.74,2.22,2.74,9,9,495.31,135.12,9.9,1.22,0.88,0.34,1.98,2.76,3.05,1.98,2.76,3.05,12,12,488.69,137.56,14.47,1.71,0.37,0.0,106.32
2025/03/31T23:44:10z,c8:c9:a3:f:85:30,7.04,3.0+OPENLOG+31164 MB+RV3028+BME68X+PMSX003-A+PMSX003-B,58,67,47,969.94,0.01,26264,0,1180,2.25,2.49,2.86,2.25,2.49,2.86,10,10,526.27,146.34,11.83,0.9,0.53,0.0,1.8,2.48,2.73,1.8,2.48,2.73,10,10,480.7,138.11,15.18,0.89,0.34,0.0,106.59
2025/03/31T23:45:51z,c8:c9:a3:f:85:30,7.04,3.0+OPENLOG+31164 MB+RV3028+BME68X+PMSX003-A+PMSX003-B,58,67,47,969.95,,26352,0,100,2.02,2.4,3.31,2.02,2.4,3.31,10,10,496.8,144.36,12.2,1.78,1.22,0.56,1.86,2.66,2.8,1.86,2.66,2.8,11,11,486.61,144.98,10.66,0.23,0.23,0.0,
2025/03/31T23:47:51z,c8:c9:a3:f:85:30,7.04,3.0+OPENLOG+31164 MB+RV3028+BME68X+PMSX003-A+PMSX003-B,58,67,47,969.87,0.01,26264,0,220,1.85,2.03,2.39,1.85,2.03,2.39,8,8,457.22,131.29,9.37,0.93,0.46,0.19,2.0,2.34,2.7,2.0,2.34,2.7,10,10,514.66,146.46,10.12,0.45,0.45,0.0,107.78
2025/03/31T23:49:51z,c8:c9:a3:f:85:30,7.04,3.0+OPENLOG+31164 MB+RV3028+BME68X+PMSX003-A+PMSX003-B,58,67,47,969.87,0.01,26264,0,340,2.09,2.39,2.39,2.09,2.39,2.39,10,10,515.05,143.89,8.63,0.25,0.0,0.0,2.2,3.15,3.59,2.2,3.15,3.59,13,13,534.51,154.1,15.97,2.42,0.86,0.0,108.81
2025/03/31T23:51:51z,c8:c9:a3:f:85:30,7.04,3.0+OPENLOG+31164 MB+RV3028+BME68X+PMSX003-A+PMSX003-B,58,66,46,970.0,0.01,26264,0,460,2.0,2.3,2.61,2.0,2.3,2.61,10,10,509.05,142.74,8.07,0.65,0.25,0.25,1.81,2.47,2.81,1.81,2.47,2.81,10,10,472.73,135.05,13.66,1.56,0.44,0.0,108.24
2025/03/31T23:53:51z,c8:c9:a3:f:85:30,7.04,3.0+OPENLOG+31164 MB+RV3028+BME68X+PMSX003-A+PMSX003-B,58,66,46,969.89,0.01,26264,0,580,2.34,2.64,2.78,2.34,2.64,2.78,11,11,523.24,151.93,11.28,0.64,0.19,0.19,2.16,2.6,3.18,2.16,2.6,3.18,11,11,509.11,147.95,15.54,1.74,0.89,0.23,112.82
2025/03/31T23:55:51z,c8:c9:a3:f:85:30,7.04,3.0+OPENLOG+31164 MB+RV3028+BME68X+PMSX003-A+PMSX003-B,58,66,46,969.92,0.01,26264,0,700,1.92,2.25,2.56,1.92,2.25,2.56,9,9,479.49,139.19,10.29,0.93,0.22,0.22,2.24,2.83,3.16,2.24,2.83,3.16,12,12,523.19,148.88,13.69,0.71,0.45,0.0,110.35
2025/03/31T23:57:51z,c8:c9:a3:f:85:30,7.04,3.0+OPENLOG+31164 MB+RV3028+BME68X+PMSX003-A+PMSX003-B,57,67,46,969.94,0.01,26264,0,820,1.66,2.09,2.29,1.66,2.09,2.29,9,9,470.79,133.59,8.28,0.31,0.05,0.0,1.55,2.76,3.6,1.55,2.76,3.6,11,11,462.72,134.71,20.05,2.29,1.16,0.36,109.05
2025/03/31T23:59:51z,c8:c9:a3:f:85:30,7.04,3.0+OPENLOG+31164 MB+RV3028+BME68X+PMSX003-A+PMSX003-B,58,66,46,970.0,0.01,26264,0,940,1.91,2.14,2.88,1.91,2.14,2.88,9,9,461.05,133.33,9.37,1.33,1.0,0.84,1.54,2.02,2.1,1.54,2.02,2.1,8,8,429.31,121.71,9.51,0.78,0.17,0.08,108.22
